{
  "model": "HuggingFaceTB/SmolLM2-135M",
  "skip_cfg": {
    "skip_distance": 3,
    "skip_alpha": 0.65,
    "skip_start_layer": 3
  },
  "seq_len": 48,
  "train_samples": 600,
  "val_samples": 128,
  "cka_per_layer": [
    1.0,
    1.0,
    1.0,
    0.9997032284736633,
    0.999393105506897,
    0.9991814494132996,
    0.9988869428634644,
    0.9985018372535706,
    0.9972385168075562,
    0.9116881489753723,
    0.5851417183876038,
    0.0,
    0.0,
    0.0,
    0.0,
    0.0,
    0.0,
    0.0,
    0.0,
    0.0,
    0.0,
    0.0,
    0.0,
    0.0,
    0.0,
    0.0,
    0.0,
    0.0,
    0.991665780544281,
    0.19655416905879974
  ],
  "cka_mean": 0.3892651632428169
}