{
  "model": "HuggingFaceTB/SmolLM2-135M",
  "skip_cfg": {
    "skip_distance": 3,
    "skip_alpha": 0.65,
    "skip_start_layer": 3
  },
  "seq_len": 48,
  "train_samples": 600,
  "val_samples": 128,
  "cka_per_layer": [
    1.0,
    1.0,
    1.0,
    0.999663233757019,
    0.9993194341659546,
    0.9991275668144226,
    0.998850405216217,
    0.9983499050140381,
    0.9968085289001465,
    0.7911049127578735,
    0.597580075263977,
    0.0,
    0.0,
    0.0,
    0.0,
    0.0,
    0.0,
    0.0,
    0.0,
    0.0,
    0.0,
    0.0,
    0.0,
    0.0,
    0.0,
    0.0,
    0.0,
    0.0,
    0.9862691760063171,
    0.1354912668466568
  ],
  "cka_mean": 0.3834188168247541
}