{
  "model": "HuggingFaceTB/SmolLM2-135M",
  "skip_cfg": {
    "skip_distance": 3,
    "skip_alpha": 0.65,
    "skip_start_layer": 3
  },
  "seq_len": 48,
  "train_samples": 300,
  "val_samples": 128,
  "tokens_per_layer": 2000,
  "cka_per_head": [
    [
      0.9963447451591492,
      0.9975445866584778,
      0.997771143913269,
      0.9977402687072754,
      0.9993244409561157,
      0.9961395263671875,
      0.9969586133956909,
      0.9968789219856262,
      0.9963294267654419
    ],
    [
      0.9965346455574036,
      0.9973933100700378,
      0.9974794387817383,
      0.9981613755226135,
      0.9994294047355652,
      0.9962524175643921,
      0.9965401887893677,
      0.9997485280036926,
      0.9959675073623657
    ],
    [
      0.9967663884162903,
      0.9950383305549622,
      0.9968205690383911,
      0.9997122287750244,
      0.9990333914756775,
      0.9950286149978638,
      0.9938429594039917,
      0.999994695186615,
      0.9961917400360107
    ],
    [
      0.9958463907241821,
      0.9977952241897583,
      0.9970570802688599,
      0.9994555711746216,
      0.9994152784347534,
      0.9954490661621094,
      0.9973906874656677,
      0.9999961256980896,
      0.9959704875946045
    ],
    [
      0.9958889484405518,
      0.9962313175201416,
      0.9970786571502686,
      0.9992632865905762,
      0.999652624130249,
      0.9947963953018188,
      0.9972277879714966,
      0.999992847442627,
      0.995611846446991
    ],
    [
      0.9956062436103821,
      0.9967346787452698,
      0.9957244992256165,
      0.998731791973114,
      0.9993496537208557,
      0.9910765886306763,
      0.996254563331604,
      0.9999909996986389,
      0.9945757985115051
    ],
    [
      0.9925785064697266,
      0.9959617257118225,
      0.9956478476524353,
      0.9978196620941162,
      0.9990333914756775,
      0.992140531539917,
      0.9958139061927795,
      0.9999707341194153,
      0.992716372013092
    ],
    [
      0.9919902086257935,
      0.9929412007331848,
      0.9921202063560486,
      0.992991030216217,
      0.9981526732444763,
      0.9883080124855042,
      0.9946020245552063,
      0.9999151229858398,
      0.9904548525810242
    ],
    [
      0.9907188415527344,
      0.9898470044136047,
      0.9913985729217529,
      0.9963726997375488,
      0.9946919679641724,
      0.9844754338264465,
      0.9919768571853638,
      0.9998143911361694,
      0.9866811037063599
    ],
    [
      0.9876407384872437,
      0.990788996219635,
      0.9912004470825195,
      0.9852148294448853,
      0.9953187108039856,
      0.9863980412483215,
      0.9916672706604004,
      0.9982795119285583,
      0.9876797199249268
    ],
    [
      0.9651346206665039,
      0.9699497818946838,
      0.9797833561897278,
      0.8377329111099243,
      0.9907097220420837,
      0.9410151839256287,
      0.9771632552146912,
      0.9089193940162659,
      0.9673193097114563
    ],
    [
      0.9819169044494629,
      0.9346380829811096,
      0.524400532245636,
      0.9935691356658936,
      0.9024711847305298,
      0.7933660745620728,
      0.46216627955436707,
      0.0,
      0.6514639258384705
    ],
    [
      0.9720456004142761,
      0.9365082383155823,
      0.5194500088691711,
      0.9839909672737122,
      0.9262080192565918,
      0.8233868479728699,
      0.5343701243400574,
      0.0,
      0.618667721748352
    ],
    [
      0.9783552885055542,
      0.9060614705085754,
      0.5105232000350952,
      0.989098310470581,
      0.928040087223053,
      0.8061129450798035,
      0.6038722991943359,
      0.0,
      0.6155641674995422
    ],
    [
      0.9720131158828735,
      0.9052817225456238,
      0.4527350068092346,
      0.9902473092079163,
      0.9316389560699463,
      0.7413471341133118,
      0.5862358808517456,
      0.0,
      0.6104723215103149
    ],
    [
      0.9587231874465942,
      0.8880617022514343,
      0.5009152293205261,
      0.9884709715843201,
      0.8873870968818665,
      0.7131511569023132,
      0.5940696597099304,
      0.0,
      0.5506622791290283
    ],
    [
      0.95658940076828,
      0.8404374122619629,
      0.5306601524353027,
      0.9897391200065613,
      0.8826411366462708,
      0.7210156917572021,
      0.6080267429351807,
      0.0,
      0.4152323603630066
    ],
    [
      0.9436758160591125,
      0.86440110206604,
      0.5211358070373535,
      0.9827796816825867,
      0.8802297115325928,
      0.5848366618156433,
      0.6313668489456177,
      0.0,
      0.49251386523246765
    ],
    [
      0.9412567615509033,
      0.7391896843910217,
      0.46478113532066345,
      0.9820584654808044,
      0.8782040476799011,
      0.6408877968788147,
      0.5870513916015625,
      0.0,
      0.5330644845962524
    ],
    [
      0.9068754315376282,
      0.7335473895072937,
      0.41768679022789,
      0.9771769642829895,
      0.8108188509941101,
      0.5906607508659363,
      0.5790697932243347,
      0.0,
      0.4416654407978058
    ],
    [
      0.801792323589325,
      0.643239438533783,
      0.45967140793800354,
      0.9707619547843933,
      0.7755707502365112,
      0.5570080876350403,
      0.5874150991439819,
      0.0,
      0.4690011739730835
    ],
    [
      0.7776106595993042,
      0.609931468963623,
      0.4945288300514221,
      0.9316855072975159,
      0.7294097542762756,
      0.4917363226413727,
      0.569580078125,
      0.0,
      0.5129640102386475
    ],
    [
      0.6477423906326294,
      0.6377013325691223,
      0.6459861993789673,
      0.9239726066589355,
      0.7210054993629456,
      0.4790651798248291,
      0.5225825309753418,
      0.0,
      0.6074249148368835
    ],
    [
      0.4532791078090668,
      0.46940702199935913,
      0.6405471563339233,
      0.9040313363075256,
      0.671360969543457,
      0.4750542640686035,
      0.48046019673347473,
      0.0,
      0.6238051652908325
    ],
    [
      0.454880028963089,
      0.4048275351524353,
      0.6202053427696228,
      0.8418893814086914,
      0.6073278784751892,
      0.4747897982597351,
      0.4963163137435913,
      0.0,
      0.6408670544624329
    ],
    [
      0.47341376543045044,
      0.4019523561000824,
      0.6565757393836975,
      0.8469961881637573,
      0.5479358434677124,
      0.4832039475440979,
      0.530386209487915,
      0.0,
      0.6843008399009705
    ],
    [
      0.45806705951690674,
      0.28501251339912415,
      0.636925995349884,
      0.7414200901985168,
      0.5113528370857239,
      0.4765164256095886,
      0.5428524017333984,
      0.0,
      0.6765848994255066
    ],
    [
      0.463807076215744,
      0.22878903150558472,
      0.612060546875,
      0.6379106640815735,
      0.47854891419410706,
      0.4569362699985504,
      0.551530122756958,
      0.0,
      0.6595374345779419
    ],
    [
      0.8250259160995483,
      0.4475676715373993,
      0.5262239575386047,
      0.577981173992157,
      0.5646162629127502,
      0.650667130947113,
      0.5313777923583984,
      0.992753267288208,
      0.7289344072341919
    ],
    [
      0.9630314111709595,
      0.7163017988204956,
      0.7515237331390381,
      0.9529821276664734,
      0.7999115586280823,
      0.9436870813369751,
      0.9346783757209778,
      0.46389108896255493,
      0.8772727251052856
    ]
  ],
  "cka_mean": 0.7536392596032885
}