{
  "model": "HuggingFaceTB/SmolLM2-135M",
  "skip_cfg": {
    "skip_distance": 3,
    "skip_alpha": 0.65,
    "skip_start_layer": 3
  },
  "seq_len": 48,
  "train_samples": 300,
  "val_samples": 128,
  "tokens_per_layer": 2000,
  "cka_per_head": [
    [
      0.9920976161956787,
      0.9884926080703735,
      0.9884833693504333,
      0.9922963380813599,
      0.9993256330490112,
      0.9876315593719482,
      0.9947091341018677,
      0.9918184280395508,
      0.9931071400642395
    ],
    [
      0.9884746670722961,
      0.9960561394691467,
      0.9909803867340088,
      0.994925320148468,
      0.9979969263076782,
      0.9897102117538452,
      0.9922006726264954,
      0.999658465385437,
      0.9935590624809265
    ],
    [
      0.9925150871276855,
      0.9956847429275513,
      0.9943466186523438,
      0.9994714856147766,
      0.9997352361679077,
      0.9931448101997375,
      0.9949376583099365,
      0.9999708533287048,
      0.9921672344207764
    ],
    [
      0.9798310399055481,
      0.9877193570137024,
      0.9815315008163452,
      0.9970573782920837,
      0.9992544651031494,
      0.9685350656509399,
      0.9802231788635254,
      0.9999687075614929,
      0.9792430400848389
    ],
    [
      0.9589488506317139,
      0.9692118167877197,
      0.9624382853507996,
      0.9954974055290222,
      0.9981380701065063,
      0.9145883321762085,
      0.9531237483024597,
      0.9999353289604187,
      0.937314510345459
    ],
    [
      0.9412658214569092,
      0.9588835835456848,
      0.9404012560844421,
      0.9923862218856812,
      0.9971046447753906,
      0.8901187777519226,
      0.9319772720336914,
      0.9999308586120605,
      0.9101309776306152
    ],
    [
      0.93245530128479,
      0.9456725120544434,
      0.924429714679718,
      0.9853067398071289,
      0.9963465332984924,
      0.8869934678077698,
      0.9088026881217957,
      0.9999145865440369,
      0.9027678370475769
    ],
    [
      0.9124993681907654,
      0.929229199886322,
      0.9255684614181519,
      0.9757616519927979,
      0.9950584769248962,
      0.8802735805511475,
      0.8838194012641907,
      0.9998899698257446,
      0.9069307446479797
    ],
    [
      0.9196337461471558,
      0.897603452205658,
      0.9141260385513306,
      0.9703657627105713,
      0.9899316430091858,
      0.8606080412864685,
      0.8892853260040283,
      0.9998118281364441,
      0.8982170820236206
    ],
    [
      0.9255418181419373,
      0.8910462856292725,
      0.8911562561988831,
      0.9658366441726685,
      0.9745758771896362,
      0.8765714168548584,
      0.8337670564651489,
      0.9971211552619934,
      0.8859835863113403
    ],
    [
      0.8852721452713013,
      0.8681045770645142,
      0.8223409652709961,
      0.9427739381790161,
      0.9716627597808838,
      0.8374668955802917,
      0.6508483290672302,
      0.9275321364402771,
      0.8472831845283508
    ],
    [
      0.9972189664840698,
      0.9981867671012878,
      0.9485402703285217,
      0.99918133020401,
      0.9913790822029114,
      0.9932294487953186,
      0.9616433382034302,
      0.0,
      0.9759278297424316
    ],
    [
      0.9970043301582336,
      0.9981412291526794,
      0.945967435836792,
      0.9990873336791992,
      0.9903285503387451,
      0.9927122592926025,
      0.951755166053772,
      0.0,
      0.9742833971977234
    ],
    [
      0.9970523715019226,
      0.998106062412262,
      0.9404348134994507,
      0.9990770816802979,
      0.9908808469772339,
      0.9913809299468994,
      0.9595579504966736,
      0.0,
      0.9697606563568115
    ],
    [
      0.996556282043457,
      0.9977802038192749,
      0.9224526882171631,
      0.9989978075027466,
      0.9897583723068237,
      0.9908168911933899,
      0.9521240592002869,
      0.0,
      0.9580225348472595
    ],
    [
      0.996783435344696,
      0.9974865913391113,
      0.9126144647598267,
      0.9988730549812317,
      0.9905451536178589,
      0.9905573129653931,
      0.9493502974510193,
      0.0,
      0.9591383934020996
    ],
    [
      0.9965793490409851,
      0.9974392652511597,
      0.908843994140625,
      0.9988502264022827,
      0.9899622201919556,
      0.9897448420524597,
      0.9457672238349915,
      0.0,
      0.9558842778205872
    ],
    [
      0.9966217875480652,
      0.9973649978637695,
      0.9115437269210815,
      0.9988203644752502,
      0.989361047744751,
      0.9885890483856201,
      0.9507977962493896,
      0.0,
      0.9474701285362244
    ],
    [
      0.9962634444236755,
      0.9973596334457397,
      0.9102716445922852,
      0.9988672733306885,
      0.9866503477096558,
      0.9886727929115295,
      0.9441723823547363,
      0.0,
      0.9578942060470581
    ],
    [
      0.9961933493614197,
      0.9972402453422546,
      0.8202669024467468,
      0.9988872408866882,
      0.9898251891136169,
      0.986956775188446,
      0.9374203681945801,
      0.0,
      0.929953932762146
    ],
    [
      0.9956559538841248,
      0.996563196182251,
      0.8523426055908203,
      0.998418390750885,
      0.9885116815567017,
      0.9787083864212036,
      0.9194415211677551,
      0.0,
      0.9451435208320618
    ],
    [
      0.9951353669166565,
      0.9960295557975769,
      0.7958998084068298,
      0.9986535310745239,
      0.9880784153938293,
      0.9780852198600769,
      0.9201469421386719,
      0.0,
      0.9549986124038696
    ],
    [
      0.9925307631492615,
      0.9952390789985657,
      0.8136438131332397,
      0.9981935620307922,
      0.9869385957717896,
      0.9742215275764465,
      0.9038310647010803,
      0.0,
      0.9430737495422363
    ],
    [
      0.9915133118629456,
      0.9935926198959351,
      0.7790495157241821,
      0.9984144568443298,
      0.9845885038375854,
      0.9547665119171143,
      0.8569201231002808,
      0.0,
      0.9394036531448364
    ],
    [
      0.9910857081413269,
      0.9931961297988892,
      0.7975695133209229,
      0.9983514547348022,
      0.9804154634475708,
      0.9606045484542847,
      0.8618934154510498,
      0.0,
      0.9353009462356567
    ],
    [
      0.9903530478477478,
      0.990065336227417,
      0.7761085629463196,
      0.998127818107605,
      0.9813637733459473,
      0.9421943426132202,
      0.83958500623703,
      0.0,
      0.9310693740844727
    ],
    [
      0.9884544014930725,
      0.9840974807739258,
      0.7854973673820496,
      0.9976280927658081,
      0.9643445014953613,
      0.914326548576355,
      0.7960667610168457,
      0.0,
      0.9207867980003357
    ],
    [
      0.9817207455635071,
      0.9696587920188904,
      0.7816347479820251,
      0.9958019256591797,
      0.9718810319900513,
      0.8849563598632812,
      0.7557377815246582,
      0.0,
      0.9213328957557678
    ],
    [
      0.9916829466819763,
      0.7911681532859802,
      0.8140519261360168,
      0.8860673308372498,
      0.8341417908668518,
      0.8465188145637512,
      0.7539304494857788,
      0.9996241927146912,
      0.9144335389137268
    ],
    [
      0.8515328168869019,
      0.821933388710022,
      0.7617902159690857,
      0.8732993006706238,
      0.7821949124336243,
      0.9270932078361511,
      0.9505773186683655,
      0.8203622102737427,
      0.8878191709518433
    ]
  ],
  "cka_mean": 0.8883142296914701
}