{
  "model": "HuggingFaceTB/SmolLM2-135M",
  "skip_cfg": {
    "skip_distance": 3,
    "skip_alpha": 0.65,
    "skip_start_layer": 3
  },
  "seq_len": 48,
  "train_samples": 600,
  "val_samples": 128,
  "cka_per_layer": [
    1.0,
    1.0,
    1.0,
    0.9987790584564209,
    0.9965779185295105,
    0.9950280785560608,
    0.9918939471244812,
    0.9871694445610046,
    0.9732431769371033,
    0.7165420055389404,
    0.6268315315246582,
    0.561791718006134,
    0.4973888397216797,
    0.5317162871360779,
    0.5267949104309082,
    0.5185944437980652,
    0.46118295192718506,
    0.4466420114040375,
    0.3984336853027344,
    0.33441591262817383,
    0.3429780900478363,
    0.3378724157810211,
    0.35874345898628235,
    0.45829299092292786,
    0.4593249261379242,
    0.5161387324333191,
    0.4653637111186981,
    0.4928364157676697,
    0.48059314489364624,
    0.49846866726875305
  ],
  "cka_mean": 0.6324546158313751
}