{
  "model": "HuggingFaceTB/SmolLM2-135M",
  "skip_cfg": {
    "skip_distance": 3,
    "skip_alpha": 0.65,
    "skip_start_layer": 3
  },
  "seq_len": 48,
  "train_samples": 600,
  "val_samples": 128,
  "cka_per_layer": [
    1.0,
    1.0,
    1.0,
    0.9995495676994324,
    0.9991466403007507,
    0.998879075050354,
    0.9984103441238403,
    0.9977579712867737,
    0.9956072568893433,
    0.8235364556312561,
    0.5939257740974426,
    0.0,
    0.0,
    0.0,
    0.0,
    0.0,
    0.0,
    0.0,
    0.0,
    0.0,
    0.0,
    0.0,
    0.0,
    0.0,
    0.0,
    0.0,
    0.0,
    0.0,
    0.9851323366165161,
    0.11046354472637177
  ],
  "cka_mean": 0.3834136322140694
}