{
  "model": "HuggingFaceTB/SmolLM2-135M",
  "skip_cfg": {
    "skip_distance": 3,
    "skip_alpha": 0.65,
    "skip_start_layer": 3
  },
  "seq_len": 48,
  "train_samples": 600,
  "val_samples": 128,
  "svcca_per_layer": [
    0.6013033159021844,
    0.6013981827953216,
    0.6014385762750214,
    0.6014681854114267,
    0.6014808115318031,
    0.6014883715483126,
    0.6014964899505365,
    0.6015024442146857,
    0.6015106166508025,
    0.6015280899524926,
    0.6015361255587129,
    0.6015493029688861,
    0.6015525179814165,
    0.6015533485725855,
    0.6015539904571581,
    0.6015542600792538,
    0.601554643959981,
    0.6015553752510944,
    0.601555591951295,
    0.6015569805582948,
    0.6015579867699807,
    0.6015589851731089,
    0.6015596375952084,
    0.6015605399149115,
    0.6015609341368451,
    0.6015611865608987,
    0.6015613749744203,
    0.6015616603294984,
    0.6015618044135285,
    0.6015620567592056
  ],
  "svcca_mean": 0.6015247796066291
}