{
  "model": "HuggingFaceTB/SmolLM2-135M",
  "skip_cfg": {
    "skip_distance": 3,
    "skip_alpha": 0.65,
    "skip_start_layer": 3
  },
  "seq_len": 48,
  "train_samples": 400,
  "val_samples": 128,
  "svcca_per_layer": [
    0.9999993279672046,
    0.9999995059659498,
    0.999999513103768,
    0.9984057828819088,
    0.9970996177781677,
    0.9941337614826682,
    0.9785182791913787,
    0.9785933988801101,
    0.9742038505716188,
    0.9776067228514075,
    0.9667522818094982,
    0.9663429855284887,
    0.9555732963897967,
    0.9480788592729039,
    0.9372554263127858,
    0.9387028426299717,
    0.9327376539285966,
    0.921852637417341,
    0.9125139838332199,
    0.8997970055092765,
    0.8954604580035261,
    0.8733344349796293,
    0.8657975483177935,
    0.8580279636107027,
    0.8541807371824099,
    0.8511623277544844,
    0.843091356492955,
    0.8400058374648796,
    0.827065140052538,
    0.8011735466603104
  ],
  "svcca_mean": 0.9262488694608432
}