{
  "model": "HuggingFaceTB/SmolLM2-135M",
  "skip_cfg": {
    "skip_distance": 3,
    "skip_alpha": 0.65,
    "skip_start_layer": 3
  },
  "seq_len": 48,
  "train_samples": 400,
  "val_samples": 128,
  "svcca_per_layer": [
    0.12312365528374272,
    0.12243257945492317,
    0.12455877233852405,
    0.1256094883180759,
    0.12459138910970405,
    0.12501454281491503,
    0.12560247945452432,
    0.12502869515532516,
    0.12352156425613259,
    0.12416191347010395,
    0.1252813444516014,
    0.12262525965983684,
    0.12407278575513464,
    0.12229843734735835,
    0.12220091089910297,
    0.12297717760765886,
    0.12308205103544606,
    0.1232378969097621,
    0.12312762559226204,
    0.12344407531410587,
    0.12322811999546227,
    0.12391822614171726,
    0.12172991334228277,
    0.12462925075470037,
    0.12203686917583045,
    0.12217213724562676,
    0.12354528643689387,
    0.12560928593176257,
    0.1241772028919479,
    0.12315356637639352
  ],
  "svcca_mean": 0.12367308341736193
}